smile big for god,/collection/smilebigforgod/,design
Makoto Saito,/collection/sm/,etc
clem,/collection/clem/,design
Tiana Dueck,/collection/tiana/,artist
Hiroki Yamasaki,/collection/woopheadclrms/,music
TRA-TRAVEL,/collection/tratravel/,artist
FOLK old book store,/collection/folkoldbookstore/,owner
Chishima Foundation for Creative Osaka,/50q/cc2020/chishimafound/,director
Shoko Yamamura,/50q/cc2020/shokoyamamura/,artist
Sou,/50q/cc2020/sou/,etc
Jackdoe,/50q/cc2020/jackdoe/,music
2n2n,/50q/cc2020/2n2n/,etc
Kakita Ibuki,/50q/cc2020/kakitaibuki/,etc
wanna be youth,/50q/cc2020/wannabeyouth/,music
Yui Kuroki,/50q/cc2020/yuikuroki/,artist
Chukuippa,/50q/cc2020/chukuippa/,music
Yuto Ohashi,/50q/cc2020/yutoohashi/,music
Yamamoo,/50q/cc2020/yamamoo/,music
Ayumi Hirono,/50q/cc2020/ayumihirono/,artist
Rie,/50q/cc2020/rie/,etc
Hiroki Ito,/50q/cc2020/itochan/,artist
Mitsutoshi Asano,/50q/cc2020/asano/,etc
seaketa,/50q/cc2020/seaketa/,music
YeXuQo,/50q/cc2020/yexuqo/,music
Kenny Pain,/50q/cc2020/kennypain/,artist
å¤§ chotto crazy 2020,/50q/cc2020/pehu/,etc
Shoji Funakawa,/50q/cc2020/weather/,artist
Ayumi Akutagawa,/collection/aa2021/,design
Kaori Nakao,/collection/x2021/,etc
Kazuma Sasajima,/collection/sk2/,director
