中尾 香織,/10q/collection/pehu/kn/,etc
ささじまかずま,/10q/collection/pehu/sk2/,director
芥川 亜由弥,/10q/collection/pehu/aa/,design
山村祥子,https://newlifecollection.com/ca81/395/p-r81-s/,artist
ソウ,https://newlifecollection.com/ca81/394/p-r81-s/,artist
Jackdoe,https://newlifecollection.com/ca81/392/p-r81-s/,music
wanna be youth,https://newlifecollection.com/ca81/390/p-r81-s/,music
黒木結,https://newlifecollection.com/ca81/389/p-r81-s/,artist
宙空一派,https://newlifecollection.com/ca81/388/p-r81-s/,music
Kakita Ibuki,https://newlifecollection.com/ca81/387/p-r81-s/,etc
2n2n,https://newlifecollection.com/ca81/386/p1-r81-s/,etc
Yuto Ohashi,https://newlifecollection.com/ca81/385/p-r81-s/,music
Yamamoo,https://newlifecollection.com/ca81/384/p-r81-s/,music
廣野鮎美,https://newlifecollection.com/ca81/383/p-r81-s/,artist
りえ,https://newlifecollection.com/ca81/382/p-r81-s/,etc
イトウヒロキ,https://newlifecollection.com/ca81/381/p-r81-s/,artist
seaketa,https://newlifecollection.com/ca81/380/p-r81-s/,music
Kenny Pain,https://newlifecollection.com/ca81/379/p-r81-s/,artist
YeXuQo,https://newlifecollection.com/ca81/378/p-r81-s/,music
浅野充利,https://newlifecollection.com/ca81/377/p-r81-s/,etc
